{
  "project_info": {
    "project_number": "530410573728",
    "project_id": "finanzas1576",
    "storage_bucket": "finanzas1576.firebasestorage.app"
  },
  "client": [
    {
      "client_info": {
        "mobilesdk_app_id": "1:530410573728:android:c54acae15f1d1ae50b5ec5",
        "android_client_info": {
          "package_name": "com.desarrolloapp.finanzas"
        }
      },
      "oauth_client": [],
      "api_key": [
        {
          "current_key": "AIzaSyBjuWvdd7bqrdRSIb5oWceXZjirTCLJSes"
        }
      ],
      "services": {
        "appinvite_service": {
          "other_platform_oauth_client": []
        }
      }
    }
  ],
  "configuration_version": "1"
}